-- MySQL dump 10.13  Distrib 8.0.30, for Win64 (x86_64)
--
-- Host: 127.0.0.1    Database: shop
-- ------------------------------------------------------
-- Server version	8.0.30

/*!40101 SET @OLD_CHARACTER_SET_CLIENT=@@CHARACTER_SET_CLIENT */;
/*!40101 SET @OLD_CHARACTER_SET_RESULTS=@@CHARACTER_SET_RESULTS */;
/*!40101 SET @OLD_COLLATION_CONNECTION=@@COLLATION_CONNECTION */;
/*!50503 SET NAMES utf8 */;
/*!40103 SET @OLD_TIME_ZONE=@@TIME_ZONE */;
/*!40103 SET TIME_ZONE='+00:00' */;
/*!40014 SET @OLD_UNIQUE_CHECKS=@@UNIQUE_CHECKS, UNIQUE_CHECKS=0 */;
/*!40014 SET @OLD_FOREIGN_KEY_CHECKS=@@FOREIGN_KEY_CHECKS, FOREIGN_KEY_CHECKS=0 */;
/*!40101 SET @OLD_SQL_MODE=@@SQL_MODE, SQL_MODE='NO_AUTO_VALUE_ON_ZERO' */;
/*!40111 SET @OLD_SQL_NOTES=@@SQL_NOTES, SQL_NOTES=0 */;

--
-- Table structure for table `bill`
--

DROP TABLE IF EXISTS `bill`;
/*!40101 SET @saved_cs_client     = @@character_set_client */;
/*!50503 SET character_set_client = utf8mb4 */;
CREATE TABLE `bill` (
  `Id` int NOT NULL AUTO_INCREMENT,
  `Total_Price` int DEFAULT NULL,
  PRIMARY KEY (`Id`)
) ENGINE=InnoDB AUTO_INCREMENT=9 DEFAULT CHARSET=utf8mb4 COLLATE=utf8mb4_0900_ai_ci;
/*!40101 SET character_set_client = @saved_cs_client */;

--
-- Dumping data for table `bill`
--

LOCK TABLES `bill` WRITE;
/*!40000 ALTER TABLE `bill` DISABLE KEYS */;
INSERT INTO `bill` VALUES (1,200),(2,200),(3,200),(4,20),(5,200),(6,200),(7,600),(8,9);
/*!40000 ALTER TABLE `bill` ENABLE KEYS */;
UNLOCK TABLES;

--
-- Table structure for table `client`
--

DROP TABLE IF EXISTS `client`;
/*!40101 SET @saved_cs_client     = @@character_set_client */;
/*!50503 SET character_set_client = utf8mb4 */;
CREATE TABLE `client` (
  `Id` int NOT NULL AUTO_INCREMENT,
  `Name` varchar(255) DEFAULT NULL,
  `Age` int DEFAULT NULL,
  `Email` varchar(255) DEFAULT NULL,
  PRIMARY KEY (`Id`)
) ENGINE=InnoDB AUTO_INCREMENT=9 DEFAULT CHARSET=utf8mb4 COLLATE=utf8mb4_0900_ai_ci;
/*!40101 SET character_set_client = @saved_cs_client */;

--
-- Dumping data for table `client`
--

LOCK TABLES `client` WRITE;
/*!40000 ALTER TABLE `client` DISABLE KEYS */;
INSERT INTO `client` VALUES (3,'BYKE',21,'bineeee'),(7,'este',20,'fddsc'),(8,'test2',12,'test@test.com');
/*!40000 ALTER TABLE `client` ENABLE KEYS */;
UNLOCK TABLES;

--
-- Table structure for table `orders`
--

DROP TABLE IF EXISTS `orders`;
/*!40101 SET @saved_cs_client     = @@character_set_client */;
/*!50503 SET character_set_client = utf8mb4 */;
CREATE TABLE `orders` (
  `Id` int NOT NULL AUTO_INCREMENT,
  `Total_Price` int DEFAULT NULL,
  `Quantity` int DEFAULT NULL,
  `Id_Client` int DEFAULT NULL,
  `Id_Product` int DEFAULT NULL,
  PRIMARY KEY (`Id`),
  KEY `orders_client_Id_fk` (`Id_Client`),
  KEY `orders_product_Id_fk` (`Id_Product`),
  CONSTRAINT `orders_client_Id_fk` FOREIGN KEY (`Id_Client`) REFERENCES `client` (`Id`),
  CONSTRAINT `orders_product_Id_fk` FOREIGN KEY (`Id_Product`) REFERENCES `product` (`Id`)
) ENGINE=InnoDB AUTO_INCREMENT=7 DEFAULT CHARSET=utf8mb4 COLLATE=utf8mb4_0900_ai_ci;
/*!40101 SET character_set_client = @saved_cs_client */;

--
-- Dumping data for table `orders`
--

LOCK TABLES `orders` WRITE;
/*!40000 ALTER TABLE `orders` DISABLE KEYS */;
INSERT INTO `orders` VALUES (1,200,1,3,1),(2,20,2,3,2),(4,200,1,3,1),(5,600,3,3,1),(6,9,3,8,4);
/*!40000 ALTER TABLE `orders` ENABLE KEYS */;
UNLOCK TABLES;

--
-- Table structure for table `product`
--

DROP TABLE IF EXISTS `product`;
/*!40101 SET @saved_cs_client     = @@character_set_client */;
/*!50503 SET character_set_client = utf8mb4 */;
CREATE TABLE `product` (
  `Id` int NOT NULL AUTO_INCREMENT,
  `Name` varchar(255) DEFAULT NULL,
  `Quantity` int DEFAULT NULL,
  `Price` int DEFAULT NULL,
  PRIMARY KEY (`Id`)
) ENGINE=InnoDB AUTO_INCREMENT=5 DEFAULT CHARSET=utf8mb4 COLLATE=utf8mb4_0900_ai_ci;
/*!40101 SET character_set_client = @saved_cs_client */;

--
-- Dumping data for table `product`
--

LOCK TABLES `product` WRITE;
/*!40000 ALTER TABLE `product` DISABLE KEYS */;
INSERT INTO `product` VALUES (1,'carne',10,200),(2,'lapte',48,10),(3,'oo',500,200),(4,'scara',0,3);
/*!40000 ALTER TABLE `product` ENABLE KEYS */;
UNLOCK TABLES;
/*!40103 SET TIME_ZONE=@OLD_TIME_ZONE */;

/*!40101 SET SQL_MODE=@OLD_SQL_MODE */;
/*!40014 SET FOREIGN_KEY_CHECKS=@OLD_FOREIGN_KEY_CHECKS */;
/*!40014 SET UNIQUE_CHECKS=@OLD_UNIQUE_CHECKS */;
/*!40101 SET CHARACTER_SET_CLIENT=@OLD_CHARACTER_SET_CLIENT */;
/*!40101 SET CHARACTER_SET_RESULTS=@OLD_CHARACTER_SET_RESULTS */;
/*!40101 SET COLLATION_CONNECTION=@OLD_COLLATION_CONNECTION */;
/*!40111 SET SQL_NOTES=@OLD_SQL_NOTES */;

-- Dump completed on 2023-05-15 11:09:13
